﻿nafn_upptoku_prufu_1.wav;Texti prufusetning 1
nafn_upptoku_prufu_2.wav;Texti prufusetning 2
nafn_upptoku_prufu_3.wav;Texti prufusetning 3
nafn_upptoku_prufu_4.wav;Texti prufusetning 4
nafn_upptoku_prufu_5.wav;Texti prufusetning 5
nafn_upptoku_prufu_6.wav;Texti prufusetning 6
nafn_upptoku_prufu_7.wav;Texti prufusetning 7
nafn_upptoku_prufu_8.wav;Texti prufusetning 8
nafn_upptoku_prufu_9.wav;Texti prufusetning 9
nafn_upptoku_prufu_10.wav;Texti prufusetning 10
nafn_upptoku_prufu_11.wav;Texti prufusetning 11
