all/2021-03-02T132429.624Z_r000167270_t000322559_gen.wav;S;Þetta kemur fram í nýjum Hagtíðindum.;0;all;322559;186;
all/2021-03-02T132654.549Z_r000167282_t000322571_gen.wav;S;En hún setti eitt skilyrði, hún vildi fá þau hrá.;0;all;322571;186;
all/2021-03-10T121304.172Z_r000172998_t000322560_gen.wav;S;Reyndar voru þau hnífjöfn í samskonar könnun þessara sömu aðila í síðasta mánuði.;0;all;322560;206;
all/2021-03-10T121351.097Z_r000173004_t000322566_gen.wav;S;Þetta er merkilegt mál sem Sveinn Pálsson nefnir í bloggi sínu.;0;all;322566;206;
all/2021-03-10T121606.220Z_r000173023_t000322585_gen.wav;S;Oftast var hann þá klæddur sem jesúítamunkur.;0;all;322585;206;
all/2021-05-12T101934.620Z_r000187987_t000322559_gen.wav;S;Þetta kemur fram í nýjum Hagtíðindum.;0;all;322559;240;
all/2021-05-12T102210.630Z_r000187999_t000322571_gen.wav;S;En hún setti eitt skilyrði, hún vildi fá þau hrá.;0;all;322571;240;
all/2021-05-27T151555.942Z_r000190684_t000322560_gen.wav;S;Reyndar voru þau hnífjöfn í samskonar könnun þessara sömu aðila í síðasta mánuði.;0;all;322560;226;
all/2021-05-27T151638.939Z_r000190690_t000322566_gen.wav;S;Þetta er merkilegt mál sem Sveinn Pálsson nefnir í bloggi sínu.;0;all;322566;226;
all/2021-05-27T151927.453Z_r000190709_t000322585_gen.wav;S;Oftast var hann þá klæddur sem jesúítamunkur.;0;all;322585;226;
female/2021-03-02T132429.624Z_r000167270_t000322559_gen.wav;S;Þetta kemur fram í nýjum Hagtíðindum.;0;female;322559;186;
female/2021-03-02T132654.549Z_r000167282_t000322571_gen.wav;S;En hún setti eitt skilyrði, hún vildi fá þau hrá.;0;female;322571;186;
female/2021-03-10T121304.172Z_r000172998_t000322560_gen.wav;S;Reyndar voru þau hnífjöfn í samskonar könnun þessara sömu aðila í síðasta mánuði.;0;female;322560;206;
female/2021-03-10T121351.097Z_r000173004_t000322566_gen.wav;S;Þetta er merkilegt mál sem Sveinn Pálsson nefnir í bloggi sínu.;0;female;322566;206;
female/2021-03-10T121606.220Z_r000173023_t000322585_gen.wav;S;Oftast var hann þá klæddur sem jesúítamunkur.;0;female;322585;206;
female/2021-05-12T101934.620Z_r000187987_t000322559_gen.wav;S;Þetta kemur fram í nýjum Hagtíðindum.;0;female;322559;240;
female/2021-05-12T102210.630Z_r000187999_t000322571_gen.wav;S;En hún setti eitt skilyrði, hún vildi fá þau hrá.;0;female;322571;240;
female/2021-05-27T151555.942Z_r000190684_t000322560_gen.wav;S;Reyndar voru þau hnífjöfn í samskonar könnun þessara sömu aðila í síðasta mánuði.;0;female;322560;226;
female/2021-05-27T151638.939Z_r000190690_t000322566_gen.wav;S;Þetta er merkilegt mál sem Sveinn Pálsson nefnir í bloggi sínu.;0;female;322566;226;
female/2021-05-27T151927.453Z_r000190709_t000322585_gen.wav;S;Oftast var hann þá klæddur sem jesúítamunkur.;0;female;322585;226;
gt/2021-03-02T132429.624Z_r000167270_t000322559.wav;R;Þetta kemur fram í nýjum Hagtíðindum.;1;gt;322559;186;
gt/2021-03-02T132654.549Z_r000167282_t000322571.wav;R;En hún setti eitt skilyrði, hún vildi fá þau hrá.;1;gt;322571;186;
gt/2021-03-10T121304.172Z_r000172998_t000322560.wav;R;Reyndar voru þau hnífjöfn í samskonar könnun þessara sömu aðila í síðasta mánuði.;1;gt;322560;206;
gt/2021-03-10T121351.097Z_r000173004_t000322566.wav;R;Þetta er merkilegt mál sem Sveinn Pálsson nefnir í bloggi sínu.;1;gt;322566;206;
gt/2021-03-10T121606.220Z_r000173023_t000322585.wav;R;Oftast var hann þá klæddur sem jesúítamunkur.;1;gt;322585;206;
gt/2021-05-12T101934.620Z_r000187987_t000322559.wav;R;Þetta kemur fram í nýjum Hagtíðindum.;1;gt;322559;240;
gt/2021-05-12T102210.630Z_r000187999_t000322571.wav;R;En hún setti eitt skilyrði, hún vildi fá þau hrá.;1;gt;322571;240;
gt/2021-05-27T151555.942Z_r000190684_t000322560.wav;R;Reyndar voru þau hnífjöfn í samskonar könnun þessara sömu aðila í síðasta mánuði.;1;gt;322560;226;
gt/2021-05-27T151638.939Z_r000190690_t000322566.wav;R;Þetta er merkilegt mál sem Sveinn Pálsson nefnir í bloggi sínu.;1;gt;322566;226;
gt/2021-05-27T151927.453Z_r000190709_t000322585.wav;R;Oftast var hann þá klæddur sem jesúítamunkur.;1;gt;322585;226;
male/2021-03-02T132429.624Z_r000167270_t000322559_gen.wav;S;Þetta kemur fram í nýjum Hagtíðindum.;0;male;322559;186;
male/2021-03-02T132654.549Z_r000167282_t000322571_gen.wav;S;En hún setti eitt skilyrði, hún vildi fá þau hrá.;0;male;322571;186;
male/2021-03-10T121304.172Z_r000172998_t000322560_gen.wav;S;Reyndar voru þau hnífjöfn í samskonar könnun þessara sömu aðila í síðasta mánuði.;0;male;322560;206;
male/2021-03-10T121351.097Z_r000173004_t000322566_gen.wav;S;Þetta er merkilegt mál sem Sveinn Pálsson nefnir í bloggi sínu.;0;male;322566;206;
male/2021-03-10T121606.220Z_r000173023_t000322585_gen.wav;S;Oftast var hann þá klæddur sem jesúítamunkur.;0;male;322585;206;
male/2021-05-12T101934.620Z_r000187987_t000322559_gen.wav;S;Þetta kemur fram í nýjum Hagtíðindum.;0;male;322559;240;
male/2021-05-12T102210.630Z_r000187999_t000322571_gen.wav;S;En hún setti eitt skilyrði, hún vildi fá þau hrá.;0;male;322571;240;
male/2021-05-27T151555.942Z_r000190684_t000322560_gen.wav;S;Reyndar voru þau hnífjöfn í samskonar könnun þessara sömu aðila í síðasta mánuði.;0;male;322560;226;
male/2021-05-27T151638.939Z_r000190690_t000322566_gen.wav;S;Þetta er merkilegt mál sem Sveinn Pálsson nefnir í bloggi sínu.;0;male;322566;226;
male/2021-05-27T151927.453Z_r000190709_t000322585_gen.wav;S;Oftast var hann þá klæddur sem jesúítamunkur.;0;male;322585;226;
